{"cameraMode":{"drawMode":0,"name":"Shaded","section":"Shading Mode"},"sceneLighting":true,"audioPlay":false,"sceneViewState":{"showFog":true,"showMaterialUpdate":false,"showSkybox":true,"showFlares":true,"showImageEffects":true,"showParticleSystems":true},"in2DMode":false,"pivot":{"x":-4.455873966217041,"y":3.539809465408325,"z":0.2511568069458008},"rotation":{"x":0.026464752852916719,"y":0.9735336899757385,"z":-0.16193678975105287,"w":0.15908598899841309},"size":4.3936238288879398,"orthographic":false}