{"cameraMode":{"drawMode":0,"name":"Shaded","section":"Shading Mode"},"sceneLighting":true,"audioPlay":false,"sceneViewState":{"showFog":true,"showMaterialUpdate":false,"showSkybox":true,"showFlares":true,"showImageEffects":true,"showParticleSystems":true},"in2DMode":false,"pivot":{"x":0.08074209094047547,"y":2.124565601348877,"z":0.9897252321243286},"rotation":{"x":0.03153404965996742,"y":-0.9370265007019043,"z":0.3365676999092102,"w":0.08780207484960556},"size":2.1522223949432375,"orthographic":false}